,,,,,,,,Name,Surname
,,,,,,,,Anastasia,Ivanova
,,,,,,,,Alexander,Ivanov
,,,,,,,,Sophia,Kuznetsova
,,,,,,,,Sergey,Kuznetsov
,,,,,,,,Anna,Petrov
,,,,,,,,Ivan,Smirnova
,,,,,,,,Olga,Magomedov
,,,,,,,,Maxim,Petrova
,,,,,,,,Tatiana,Smirnov
,,,,,,,,Vladimir,Popov
,,,,,,,,Ekaterina,Novikova
,,,,,,,,Pavel,Volkova
,,,,,,,,Svetlana,Popova
,,,,,,,,Anatoly,Morozova
,,,,,,,,Ivanna,Sokolova
,,,,,,,,Igor,Romanova
,,,,,,,,Nikita,Pavlova
,,,,,,,,Boris,Shevchenko
,,,,,,,,Valeria,Volkov
,,,,,,,,Viktor,Andreeva
,,,,,,,,Karolina,Vasilev
,,,,,,,,Dmitry,Vasileva
,,,,,,,,Ivanka,Mikhaylova
,,,,,,,,Denis,Novikov
,,,,,,,,Irina,Makarova
,,,,,,,,Mikhail,Morozov
,,,,,,,,Elena,Sergeeva
,,,,,,,,Vitaly,Pavlov
,,,,,,,,Maria,Zaytseva
,,,,,,,,Nikolay,Sokolov
,,,,,,,,Natalia,Aliev
,,,,,,,,Maksim,Mikhaylov
,,,,,,,,Daria,Nikolaeva
,,,,,,,,Andrey,Romanov
,,,,,,,,Yulia,Zakharova
,,,,,,,,Vasily,Makarov
,,,,,,,,Marina,Stepanova
,,,,,,,,Evgeny,Lebedeva
,,,,,,,,Oksana,Kozlova
,,,,,,,,Alexey,Nikitina
,,,,,,,,Polina,Egorova
,,,,,,,,Leonid,Egorov
,,,,,,,,Alexandra,Kozlov
,,,,,,,,Oleg,Nikolaev
,,,,,,,,Ludmila,Stepanov
,,,,,,,,Roman,Andreev
,,,,,,,,Ksenia,Yakovleva
,,,,,,,,Yuri,Zakharov
,,,,,,,,Yana,Kovalenko
,,,,,,,,Anton,Frolova
,,,,,,,,Galina,Orlova
,,,,,,,,Kirill,Sergeev
,,,,,,,,Vera,Bondarenko
,,,,,,,,Fedor,Nikitin
,,,,,,,,Nadezhda,Zaytsev
,,,,,,,,Konstantin,Medvedev
,,,,,,,,Alina,Kotova
,,,,,,,,Arkady,Orlov
,,,,,,,,Lilia,Belova
,,,,,,,,Artem,Kravchenko
,,,,,,,,Margarita,Borisova
,,,,,,,,Vladislav,Mironova
,,,,,,,,Alena,Alekseeva
,,,,,,,,Ilya,Frolov
,,,,,,,,Kristina,Kuzmina
,,,,,,,,Valentin,Kuzmin
,,,,,,,,Valentina,Yakovlev
,,,,,,,,Grigory,Magomedova
,,,,,,,,Inna,Medvedeva
,,,,,,,,Stanislav,Antonova
,,,,,,,,Yelizaveta,Belov
,,,,,,,,Nikita,Lebedev
,,,,,,,,Angelina,Alekseev
,,,,,,,,Yaroslav,Dmitrieva
,,,,,,,,Alla,Borisov
,,,,,,,,Georgy,Semenova
,,,,,,,,Lyubov,Tarasova
,,,,,,,,Gleb,Matveeva
,,,,,,,,Raisa,Vlasova
,,,,,,,,Daniil,Polyakova
,,,,,,,,Sofia,Antonov
,,,,,,,,Timofey,Zhukova
,,,,,,,,Nina,Tkachenko
,,,,,,,,Vsevolod,Tarasov
,,,,,,,,Evgeniya,Ilina
,,,,,,,,Vyacheslav,Filippova
,,,,,,,,Zoya,Timofeev
,,,,,,,,Matvey,Mironov
,,,,,,,,Regina,Aleksandrova
,,,,,,,,Mark,Dmitriev
,,,,,,,,Klara,Sorokina
,,,,,,,,Lev,Isaev
,,,,,,,,Tamara,Kolesnikova
,,,,,,,,Artemy,Danilova
,,,,,,,,Elvira,Kotov
,,,,,,,,Semyon,Matveev
,,,,,,,,Viktoriya,Sorokin
,,,,,,,,Zakhar,Timofeeva
,,,,,,,,Liliya,Maksimova
,,,,,,,,Kuzma,Bogdanova
,,,,,,,,Karina,Alexeev
,,,,,,,,Tikhon,Abramov
,,,,,,,,Tatyana,Abramova
,,,,,,,,Rodion,Afanasyev
,,,,,,,,Alevtina,Alexeeva
,,,,,,,,Egor,Baranov
,,,,,,,,Larisa,Belousov
,,,,,,,,Piotr,Belousova
,,,,,,,,Agnesa,Belyaev
,,,,,,,,Savely,Belyaeva
,,,,,,,,Rosa,Bogdanov
,,,,,,,,Herman,Chernykh
,,,,,,,,Yadviga,Chistyakov
,,,,,,,,Marat,Danilov
,,,,,,,,Zinaida,Davydov
,,,,,,,,Stepan,Eremeev
,,,,,,,,Milana,Ermakov
,,,,,,,,Rostislav,Fedorov
,,,,,,,,Lyudmila,Fedorova
,,,,,,,,Ruslan,Fedoseev
,,,,,,,,Evdokia,Fomin
,,,,,,,,Vadim,Fomina
,,,,,,,,Alisa,Gerasimov
,,,,,,,,Platon,Golubev
,,,,,,,,Anzhelika,Grigoreva
,,,,,,,,Orest,Gusev
,,,,,,,,Antonina,Guseva
,,,,,,,,German,Ignatev
,,,,,,,,Bella,Ignateva
,,,,,,,,Miron,Karpov
,,,,,,,,Dana,Karpova
,,,,,,,,Timur,Kazakova
,,,,,,,,Faina,Kharitonov
,,,,,,,,Taras,Kharitonova
,,,,,,,,Geniya,Kirillov
,,,,,,,,Luka,Kirillova
,,,,,,,,Kira,Kiselev
,,,,,,,,Mstislav,Komarov
,,,,,,,,Liana,Kornilov
,,,,,,,,Radomir,Krylov
,,,,,,,,Mariya,Krylova
,,,,,,,,Emil,Kudryavtsev
,,,,,,,,Paulina,Kudryavtseva
,,,,,,,,Veniamin,Lazarev
,,,,,,,,Roza,Lysenko
,,,,,,,,Vladlen,Markov
,,,,,,,,Taisiya,Melnikov
,,,,,,,,Prokhor,Melnikova
,,,,,,,,Uliana,Nazarenko
,,,,,,,,Ulyan,Nazarov
,,,,,,,,Valeriya,Osipov
,,,,,,,,Miloslav,Ovchinnikov
,,,,,,,,Bronislava,Polyakov
,,,,,,,,Yulian,Rogov
,,,,,,,,Claudia,Rumyantsev
,,,,,,,,Adam,Rumyantseva
,,,,,,,,Diana,Ryzhov
,,,,,,,,Demyan,Ryzhova
,,,,,,,,Eugenia,Samsonov
,,,,,,,,Isai,Samsonova
,,,,,,,,Flora,Semenov
,,,,,,,,Zinovy,Shcherbakov
,,,,,,,,Helena,Shilov
,,,,,,,,Sevastyan,Shubin
,,,,,,,,Juliya,Sidorov
,,,,,,,,Makar,Sidorova
,,,,,,,,Lidiya,Solovyov
,,,,,,,,Lyubomir,Sysoev
,,,,,,,,Mila,Tikhomirov
,,,,,,,,Gordey,Tikhonov
,,,,,,,,Natalya,Tikhonova
,,,,,,,,Ignat,Titov
,,,,,,,,Oxana,Uvarov
,,,,,,,,Ippolit,Uvarova
,,,,,,,,Stella,Vasilyev
,,,,,,,,Zosima,Vinogradov
,,,,,,,,Ulyana,Vinogradova
,,,,,,,,Ermolay,Vorobyov
,,,,,,,,Victoria,Voronov
,,,,,,,,Yefrem,Voronova
,,,,,,,,Veronika,Zhukov
,,,,,,,,Matvei,Zotov
,,,,,,,,Elizaveta,Zuev
,,,,,,,,Saveliy,Anisimov
,,,,,,,,Anastasiya,Biryukov
,,,,,,,,Prokopy,Bolshakov
,,,,,,,,Sofya,Demidov
,,,,,,,,Spiridon,Drozdov
,,,,,,,,Anya,Drozdova
,,,,,,,,Amvrosiy,Fadeev
,,,,,,,,Arina,Fedotov
,,,,,,,,Agafon,Glukhov
,,,,,,,,Alyona,Gromov
,,,,,,,,Markel,Ilin
,,,,,,,,Angela,Klimenko
,,,,,,,,Terenty,Kochetkov
,,,,,,,,Sofiya,Kolesnik
,,,,,,,,Aleksei,Korneeva
,,,,,,,,Eva,Korol
,,,,,,,,Nikolai,Korolyov
,,,,,,,,Alya,Koval
,,,,,,,,Abram,Kovalchuk
,,,,,,,,Angelica,Kozhevnikov
,,,,,,,,Adrik,Kruglov
,,,,,,,,Ania,Kryukov
,,,,,,,,Akim,Kuzmenko
,,,,,,,,Anika,Loginov
,,,,,,,,Alek,Maksimov
,,,,,,,,Anja,Maslov
,,,,,,,,Aleksandr,Mayorov
,,,,,,,,Annika,Mayorova
,,,,,,,,Aleksi,Nekrasov
,,,,,,,,Arisha,Nesterov
,,,,,,,,Alexei,Nosov
,,,,,,,,Asya,Platonov
,,,,,,,,Alexis,Prokhorov
,,,,,,,,Bela,Rodionov
,,,,,,,,Andrei,Safronov
,,,,,,,,Danya,Samoylov
,,,,,,,,Andrej,Semyonov
,,,,,,,,Darya,Sergeevich
,,,,,,,,Andros,Shapovalov
,,,,,,,,Dasha,Shapovalova
,,,,,,,,Arman,Sharipov
,,,,,,,,Dunya,Shishkin
,,,,,,,,Armen,Skvortsov
,,,,,,,,Eleonora,Solovyova
,,,,,,,,Artur,Spiridonov
,,,,,,,,Evelina,Subbotina
,,,,,,,,Artyom,Sultanov
,,,,,,,,Gala,Sviridov
,,,,,,,,Avel,Tokarev
,,,,,,,,Ingrid,Trofimov
,,,,,,,,Avenir,Tsvetkov
,,,,,,,,Ira,Ushakov
,,,,,,,,Bela,Viktorovich
,,,,,,,,Izabela,Vladimirov
,,,,,,,,Bogdan,Vlasov
,,,,,,,,Jelena,Volk
,,,,,,,,Brody,Volodin
,,,,,,,,Kamilla,Zakirov
,,,,,,,,Czar,Zhdanov
,,,,,,,,Katerina,Zverev
,,,,,,,,Damien,Zvereva
,,,,,,,,Katia,Anisimova
,,,,,,,,Danil,Avdeeva
,,,,,,,,Katya,Baranova
,,,,,,,,Danila,Borodina
,,,,,,,,Kenya,Chistyakova
,,,,,,,,Danylo,Denisova
,,,,,,,,Lara,Efimova
,,,,,,,,Dimitri,Eliseeva
,,,,,,,,Larissa,Emelyanova
,,,,,,,,Dimitrios,Ershova
,,,,,,,,Leena,Evdokimova
,,,,,,,,Dimitry,Kalinina
,,,,,,,,Lena,Karimova
,,,,,,,,Dmitri,Kiseleva
,,,,,,,,Lenya,Kiselyova
,,,,,,,,Dominik,Klimova
,,,,,,,,Lia,Komarova
,,,,,,,,Eduard,Konovalova
,,,,,,,,Lidia,Konstantinova
,,,,,,,,Evgeniy,Koroleva
,,,,,,,,Liya,Korolyova
,,,,,,,,Filip,Korotkova
,,,,,,,,Maiya,Kostina
,,,,,,,,Fyodor,Krasnova
,,,,,,,,Makari,Lapina
,,,,,,,,Gedeon,Lazareva
,,,,,,,,Masha,Leonova
,,,,,,,,Gennady,Litvinova
,,,,,,,,Mika,Lobanova
,,,,,,,,Grigor,Maltseva
,,,,,,,,Milena,Maximova
,,,,,,,,Ilias,Nekrasova
,,,,,,,,Mischa,Nesterova
,,,,,,,,Ira,Nikulina
,,,,,,,,Misha,Nosova
,,,,,,,,Isaak,Ponomareva
,,,,,,,,Nada,Potapova
,,,,,,,,Jeramy,Pronina
,,,,,,,,Nadia,Rodionova
,,,,,,,,Jeremie,Ryabova
,,,,,,,,Nadine,Safina
,,,,,,,,Karlin,Safronova
,,,,,,,,Nadiya,Saveleva
,,,,,,,,Konstantine,Savina
,,,,,,,,Nadya,Sazonova
,,,,,,,,Lazar,Sharipova
,,,,,,,,Nataly,Simonova
,,,,,,,,Leon,Soloveva
,,,,,,,,Natasha,Tokareva
,,,,,,,,Liev,Tsvetkova
,,,,,,,,Nessa,Ulyanova
,,,,,,,,Makari,Vesnina
,,,,,,,,Nika,Zimina
,,,,,,,,Maksym,Zotova
,,,,,,,,Odessa,Zueva
,,,,,,,,Marko,Aleksandrov
,,,,,,,,Olena,Borisenko
,,,,,,,,Markov,Borodin
,,,,,,,,Raya,Cherkasov
,,,,,,,,Maximilian,Chernov
,,,,,,,,Rayna,Demchenko
,,,,,,,,Mika,Dolgov
,,,,,,,,Rena,Ermolaev
,,,,,,,,Mila,Evdokimov
,,,,,,,,Renata,Gerasimova
,,,,,,,,Mischa,Goncharov
,,,,,,,,Rina,Gorbunov
,,,,,,,,Misha,Gorshkov
,,,,,,,,Samara,Grigoryeva
,,,,,,,,Natan,Karimov
,,,,,,,,Sasha,Klimov
,,,,,,,,Nazar,Konovalov
,,,,,,,,Sima,Konstantinov
,,,,,,,,Nestor,Kornienko
,,,,,,,,Sonia,Korolev
,,,,,,,,Nikhil,Kovalev
,,,,,,,,Talya,Kovaleva
,,,,,,,,Pasha,Krasnov
,,,,,,,,Tania,Kravtsova
,,,,,,,,Rahil,Kudryashov
,,,,,,,,Tanya,Leonov
,,,,,,,,Rolan,Litvinenko
,,,,,,,,Taya,Lobanov
,,,,,,,,Rurik,Lukyanov
,,,,,,,,Theodosia,Makarenko
,,,,,,,,Sacha,Maltsev
,,,,,,,,Tiana,Martynov
,,,,,,,,Samvel,Mikheev
,,,,,,,,Valery,Moiseev
,,,,,,,,Sarkis,Mukhin
,,,,,,,,Vanya,Naumov
,,,,,,,,Sasha,Nikolaevich
,,,,,,,,Viktoria,Nikulin
,,,,,,,,Simeon,Pankov
,,,,,,,,Yelena,Ponomarev
,,,,,,,,Valerian,Ponomaryov
,,,,,,,,Yuliana,Potapov
,,,,,,,,Vasili,Prokhorova
,,,,,,,,Yuna,Safonov
,,,,,,,,Victor,Safonova
,,,,,,,,Yuri,Savelev
,,,,,,,,Vitaliy,Sidorenko
,,,,,,,,Zariyah,Sobolev
,,,,,,,,Vlad,Sultanova
,,,,,,,,Zena,Tretyakov
,,,,,,,,Yakov,Trifonov
,,,,,,,,Zenovia,Valiev
,,,,,,,,Yeremy,Voronin
,,,,,,,,Zlata,Vorontsov
,,,,,,,,Yerik,Yusupova
,,,,,,,,Adelina,Zhuravlev
,,,,,,,,Albert,Zinchenko
,,,,,,,,Agata,Afanasev
,,,,,,,,Aleks,Agafonov
,,,,,,,,Amaliya,Agafonova
,,,,,,,,Aleksey,Akhmetov
,,,,,,,,Anastassia,Alieva
,,,,,,,,Anatoliy,Andreevich
,,,,,,,,Calina,Andreevna
,,,,,,,,Apollon,Antipova
,,,,,,,,Czarina,Arkhipova
,,,,,,,,Aventin,Barinova
,,,,,,,,Darina,Bazurkaev
,,,,,,,,Avgust,Belyy
,,,,,,,,Dariya,Bunyaev
,,,,,,,,Avgustin,Bykov
,,,,,,,,Darja,Bykova
,,,,,,,,Avian,Dyachenko
,,,,,,,,Dima,Dyomin
,,,,,,,,Aviv,Gasanov
,,,,,,,,Dina,Gaytukaeva
,,,,,,,,Avrelian,Guseynov
,,,,,,,,Dora,Ismailov
,,,,,,,,Bohdan,Kadyrov
,,,,,,,,Elmira,Kalashnikov
,,,,,,,,Budimir,Kalashnikova
,,,,,,,,Emilia,Kharchenko
,,,,,,,,Damir,Khasanov
,,,,,,,,Emiliya,Kholod
,,,,,,,,Dmitriy,Kovalyova
,,,,,,,,Fenya,Magomadov
,,,,,,,,Elisei,Malakhov
,,,,,,,,Greta,Mamedov
,,,,,,,,Epifaniy,Mishina
,,,,,,,,Helina,Musaev
,,,,,,,,Faust,Musatov
,,,,,,,,Ilya,Nikiforov
,,,,,,,,Fedot,Nikiforova
,,,,,,,,Inessa,Omarov
,,,,,,,,Feofan,Pozdnyakova
,,,,,,,,Inga,Prikhodko
,,,,,,,,Feofil,Russkikh
,,,,,,,,Irena,Sadykov
,,,,,,,,Gavriil,Sadykova
,,,,,,,,Isidora,Saidov
,,,,,,,,Genrikh,Shakirov
,,,,,,,,Iya,Shakirova
,,,,,,,,Gerasim,Suleymanov
,,,,,,,,Jalena,Terenteva
,,,,,,,,Grigoriy,Trofimova
,,,,,,,,Jana,Vasilenko
,,,,,,,,Grischa,Vladimirovich
,,,,,,,,Jelina,Vladimirovna
,,,,,,,,Gury,Yusupov
,,,,,,,,Karine,Zakirova
,,,,,,,,Hristofor,Zhuravlyov
,,,,,,,,Kiera,Akimov
,,,,,,,,Ilarion,Anikina
,,,,,,,,Kima,Antipov
,,,,,,,,Isay,Babenko
,,,,,,,,Lana,Balashova
,,,,,,,,Jaroslav,Belyakov
,,,,,,,,Lera,Berezina
,,,,,,,,Kliment,Bondar
,,,,,,,,Madelina,Cherkasova
,,,,,,,,Kolya,Chernyshov
,,,,,,,,Manya,Denisenko
,,,,,,,,Lavrentiy,Dorofeeva
,,,,,,,,Mariana,Fedoseeva
,,,,,,,,Lukian,Gerasimenko
,,,,,,,,Marya,Ignatenko
,,,,,,,,Lukyan,Isakova
,,,,,,,,Maryana,Khasanova
,,,,,,,,Maks,Kirichenko
,,,,,,,,Matrona,Kondratev
,,,,,,,,Micha,Kondrateva
,,,,,,,,Maya,Korotkov
,,,,,,,,Miroslav,Kostenko
,,,,,,,,Micha,Kostin
,,,,,,,,Modest,Kozhevnikova
,,,,,,,,Milada,Kuzina
,,,,,,,,Nectarios,Larina
,,,,,,,,Milica,Larionov
,,,,,,,,Nicolai,Markin
,,,,,,,,Miroslava,Markina
,,,,,,,,Nikola,Mironenko
,,,,,,,,Nataliya,Moskalenko
,,,,,,,,Nikolaj,Naumenko
,,,,,,,,Nelli,Nesterenko
,,,,,,,,Nikon,Nikonov
,,,,,,,,Nelya,Pakhomova
,,,,,,,,Oriel,Petukhov
,,,,,,,,Rahil,Platonova
,,,,,,,,Osip,Ponomarenko
,,,,,,,,Rashel,Ponomaryova
,,,,,,,,Ossip,Prokopenko
,,,,,,,,Renita,Radchenko
,,,,,,,,Pavsikakiy,Rozhkov
,,,,,,,,Rima,Ryabov
,,,,,,,,Pyotr,Rybakov
,,,,,,,,Sabina,Rybakova
,,,,,,,,Ratimir,Shestakov
,,,,,,,,Sanya,Stepanenko
,,,,,,,,Samson,Sukhanov
,,,,,,,,Sarra,Tarasenko
,,,,,,,,Sascha,Terekhova
,,,,,,,,Sascha,Timoshenko
,,,,,,,,Savva,Trifonova
,,,,,,,,Savina,Umarov
,,,,,,,,Sawa,Ustinov
,,,,,,,,Serafima,Vlasenko
,,,,,,,,Serafim,Yurchenko
,,,,,,,,Sonya,Zhuravlyova
,,,,,,,,Slava,
,,,,,,,,Stasia,
,,,,,,,,Stefan,
,,,,,,,,Taina,
,,,,,,,,Stephan,
,,,,,,,,Tamila,
,,,,,,,,Svetoslav,
,,,,,,,,Tasha,
,,,,,,,,Sviatoslav,
,,,,,,,,Tashi,
,,,,,,,,Tanis,
,,,,,,,,Tatianna,
,,,,,,,,Tashi,
,,,,,,,,Tianna,
,,,,,,,,Trifon,
,,,,,,,,Tionna,
,,,,,,,,Trofim,
,,,,,,,,Tisha,
,,,,,,,,Valery,
,,,,,,,,Tonya,
,,,,,,,,Varlam,
,,,,,,,,Tora,
,,,,,,,,Vitalii,
,,,,,,,,Vasilisa,
,,,,,,,,Vladilen,
,,,,,,,,Veronica,
,,,,,,,,Vlasiy,
,,,,,,,,Vesta,
,,,,,,,,Yefim,
,,,,,,,,Viera,
,,,,,,,,Yegor,
,,,,,,,,Vilma,
,,,,,,,,Yermolay,
,,,,,,,,Vita,
,,,,,,,,Yevgeny,
,,,,,,,,Yekaterina,
,,,,,,,,Yury,
,,,,,,,,Zara,
,,,,,,,,Ziven,
,,,,,,,,Zoa,
,,,,,,,,Zoran,
,,,,,,,,Agripina,
,,,,,,,,Afanasy,
,,,,,,,,Albina,
,,,,,,,,Afonya,
,,,,,,,,Aleksandra,
,,,,,,,,Aleksis,
,,,,,,,,Alexei,
,,,,,,,,Anatolii,
,,,,,,,,Aliona,
,,,,,,,,Baran,
,,,,,,,,Amina,
,,,,,,,,Bronislav,
,,,,,,,,Anoushka,
,,,,,,,,Dimitre,
,,,,,,,,Ariadna,
,,,,,,,,Dmitr,
,,,,,,,,Aventina,
,,,,,,,,Feliks,
,,,,,,,,Dominika,
,,,,,,,,Fjodor,
,,,,,,,,Evva,
,,,,,,,,Gregori,
,,,,,,,,Filippa,
,,,,,,,,Grigori,
,,,,,,,,Florentina,
,,,,,,,,Harlampiy,
,,,,,,,,Gella,
,,,,,,,,Innokenty,
,,,,,,,,Helin,
,,,,,,,,Ivanhoe,
,,,,,,,,Innessa,
,,,,,,,,Jasha,
,,,,,,,,Julia,
,,,,,,,,Jeirgif,
,,,,,,,,Karyna,
,,,,,,,,Kalistrat,
,,,,,,,,Katiya,
,,,,,,,,Karolek,
,,,,,,,,Katja,
,,,,,,,,Kazimir,
,,,,,,,,Kesar,
,,,,,,,,Khristofor,
,,,,,,,,Kesha,
,,,,,,,,Kiril,
,,,,,,,,Kharita,
,,,,,,,,Levushka,
,,,,,,,,Kisa,
,,,,,,,,Maksimillian,
,,,,,,,,Ksana,
,,,,,,,,Michail,
,,,,,,,,Latonya,
,,,,,,,,Moriz,
,,,,,,,,Ludmilla,
,,,,,,,,Nikodim,
,,,,,,,,Lydie,
,,,,,,,,Olezka,
,,,,,,,,Melana,
,,,,,,,,Orell,
,,,,,,,,Mlada,
,,,,,,,,Pavlo,
,,,,,,,,Myla,
,,,,,,,,Pavlusha,
,,,,,,,,Nastasya,
,,,,,,,,Pavlushka,
,,,,,,,,Olesia,
,,,,,,,,Petrov,
,,,,,,,,Olesya,
,,,,,,,,Radislav,
,,,,,,,,Patriciya,
,,,,,,,,Romochka,
,,,,,,,,Pavlina,
,,,,,,,,Rustam,
,,,,,,,,Rada,
,,,,,,,,Samuil,
,,,,,,,,Raissa,
,,,,,,,,Serge,
,,,,,,,,Raiya,
,,,,,,,,Sergei,
,,,,,,,,Sanvi,
,,,,,,,,Seriozha,
,,,,,,,,Seraphima,
,,,,,,,,Stanislov,
,,,,,,,,Susanna,
,,,,,,,,Svyatoslav,
,,,,,,,,Tamryn,
,,,,,,,,Tima,
,,,,,,,,Tiona,
,,,,,,,,Tolenka,
,,,,,,,,Tyanna,
,,,,,,,,Tolya,
,,,,,,,,Vanda,
,,,,,,,,Valerii,
,,,,,,,,Varvara,
,,,,,,,,Varfolomey,
,,,,,,,,Venera,
,,,,,,,,Vasilii,
,,,,,,,,Verina,
,,,,,,,,Vassian,
,,,,,,,,Yanina,
,,,,,,,,Vladmir,
,,,,,,,,Yarina,
,,,,,,,,Yaremka,
,,,,,,,,Zasha,
,,,,,,,,Yasha,
,,,,,,,,Zenaida,
,,,,,,,,Yeremey,
,,,,,,,,Zenya,
,,,,,,,,Yura,
,,,,,,,,Zhanna,
,,,,,,,,Zhivago,
,,,,,,,,Zinovia,
,,,,,,,,Zivon,
,,,,,,,,Agafena,
,,,,,,,,Alexsey,
,,,,,,,,Agafonika,
,,,,,,,,Andrian,
,,,,,,,,Agafya,
,,,,,,,,Arkadi,
,,,,,,,,Agatha,
,,,,,,,,Arseniy,
,,,,,,,,Agnessa,
,,,,,,,,Borya,
,,,,,,,,Agniya,
,,,,,,,,Cheslav,
,,,,,,,,Akilina,
,,,,,,,,Damyan,
,,,,,,,,Aksinia,
,,,,,,,,David,
,,,,,,,,Aksinya,
,,,,,,,,Dimitrik,
,,,,,,,,Akulina,
,,,,,,,,Dorofey,
,,,,,,,,Anfisa,
,,,,,,,,Faddei,
,,,,,,,,Avdotya,
,,,,,,,,Faddey,
,,,,,,,,Dunyasha,
,,,,,,,,Fedar,
,,,,,,,,Elina,
,,,,,,,,Fedir,
,,,,,,,,Evdokiya,
,,,,,,,,Feodor,
,,,,,,,,Fayina,
,,,,,,,,Filipp,
,,,,,,,,Fekla,
,,,,,,,,Georgi,
,,,,,,,,Felitsiya,
,,,,,,,,Georgiy,
,,,,,,,,Feodosiya,
,,,,,,,,Gervasi,
,,,,,,,,Gennadiya,
,,,,,,,,Grigorii,
,,,,,,,,Glafira,
,,,,,,,,Hedeon,
,,,,,,,,Glikeriya,
,,,,,,,,Ignati,
,,,,,,,,Iraida,
,,,,,,,,Ignatiy,
,,,,,,,,Irida,
,,,,,,,,Igoryok,
,,,,,,,,Irinushka,
,,,,,,,,Iosif,
,,,,,,,,Kapitolina,
,,,,,,,,Iriney,
,,,,,,,,Katyusha,
,,,,,,,,Isidor,
,,,,,,,,Khristina,
,,,,,,,,Jermija,
,,,,,,,,Klavdiya,
,,,,,,,,Kiryl,
,,,,,,,,Lada,
,,,,,,,,Klavdii,
,,,,,,,,Lina,
,,,,,,,,Klim,
,,,,,,,,Lizabeta,
,,,,,,,,Kolenka,
,,,,,,,,Marfa,
,,,,,,,,Leonide,
,,,,,,,,Mariam,
,,,,,,,,Lesta,
,,,,,,,,Marta,
,,,,,,,,Levka,
,,,,,,,,Melania,
,,,,,,,,Mikhailya,
,,,,,,,,Nadege,
,,,,,,,,Mishe,
,,,,,,,,Nadja,
,,,,,,,,Mitya,
,,,,,,,,Nastja,
,,,,,,,,Moisey,
,,,,,,,,Natacha,
,,,,,,,,Moisse,
,,,,,,,,Natasia,
,,,,,,,,Nikandr,
,,,,,,,,Nikolaevna,
,,,,,,,,Orrel,
,,,,,,,,Noyabrina,
,,,,,,,,Pavlik,
,,,,,,,,Ofeliya,
,,,,,,,,Shurik,
,,,,,,,,Olegevna,
,,,,,,,,Timok,
,,,,,,,,Olimpiada,
,,,,,,,,Todor,
,,,,,,,,Olya,
,,,,,,,,Todos,
,,,,,,,,Pelageya,
,,,,,,,,Ustin,
,,,,,,,,Radinka,
,,,,,,,,Venedict,
,,,,,,,,Rimma,
,,,,,,,,Vladik,
,,,,,,,,Rufina,
,,,,,,,,Vladya,
,,,,,,,,Ruslana,
,,,,,,,,Volya,
,,,,,,,,Sne≈æana,
,,,,,,,,Yermolai,
,,,,,,,,Ustinya,
,,,,,,,,Zavid,
,,,,,,,,Vesna,
,,,,,,,,Zinov,
,,,,,,,,Agapa,
,,,,,,,,Adas,
,,,,,,,,Aksana,
,,,,,,,,Alik,
,,,,,,,,Aleksandrina,
,,,,,,,,Aloysha,
,,,,,,,,Angelika,
,,,,,,,,Anastas,
,,,,,,,,Aniyah,
,,,,,,,,Arkadiy,
,,,,,,,,Anka,
,,,,,,,,Arkhip,
,,,,,,,,Avelina,
,,,,,,,,Azat,
,,,,,,,,Avenira,
,,,,,,,,Bato,
,,,,,,,,Avgusta,
,,,,,,,,Berdy,
,,,,,,,,Avgustina,
,,,,,,,,Boba,
,,,,,,,,Aviva,
,,,,,,,,Dmitrik,
,,,,,,,,Avreliya,
,,,,,,,,Eriks,
,,,,,,,,Avrora,
,,,,,,,,Evgeni,
,,,,,,,,Bronya,
,,,,,,,,Fabi,
,,,,,,,,Cyzarine,
,,,,,,,,Fedul,
,,,,,,,,Dinara,
,,,,,,,,Fedya,
,,,,,,,,Domnika,
,,,,,,,,Feoktist,
,,,,,,,,Eudoxia,
,,,,,,,,Foka,
,,,,,,,,Evgenia,
,,,,,,,,Foma,
,,,,,,,,Gera,
,,,,,,,,Gavrel,
,,,,,,,,Grusha,
,,,,,,,,Gavril,
,,,,,,,,Iskra,
,,,,,,,,Grisha,
,,,,,,,,Izolda,
,,,,,,,,Izot,
,,,,,,,,Kiska,
,,,,,,,,Kapiton,
,,,,,,,,Koroleva,
,,,,,,,,Kir,
,,,,,,,,Lelyah,
,,,,,,,,Longin,
,,,,,,,,Lev,
,,,,,,,,Luchezar,
,,,,,,,,Lida,
,,,,,,,,Maksimilian,
,,,,,,,,Liza,
,,,,,,,,Pavlya,
,,,,,,,,Luiza,
,,,,,,,,Petenka,
,,,,,,,,Margosha,
,,,,,,,,Prohor,
,,,,,,,,Mina,
,,,,,,,,Renat,
,,,,,,,,Nadina,
,,,,,,,,Rustik,
,,,,,,,,Nonna,
,,,,,,,,Serhiy,
,,,,,,,,Ony,
,,,,,,,,Spartak,
,,,,,,,,Stefania,
,,,,,,,,Stas,
,,,,,,,,Sveta,
,,,,,,,,Ulan,
,,,,,,,,Sveva,
,,,,,,,,Urvan,
,,,,,,,,Tanita,
,,,,,,,,Valeriy,
,,,,,,,,Taniya,
,,,,,,,,Vassi,
,,,,,,,,Tanzania,
,,,,,,,,Vassily,
,,,,,,,,Taska,
,,,,,,,,Vasya,
,,,,,,,,Vania,
,,,,,,,,Vitenka,
,,,,,,,,Verushka,
,,,,,,,,Vitya,
,,,,,,,,Vlada,
,,,,,,,,Wassily,
,,,,,,,,Yeva,
,,,,,,,,Yurik,
,,,,,,,,Zorina,
,,,,,,,,Zhorah,
,,,,,,,,Agafa,
,,,,,,,,Agap,
,,,,,,,,Agafiya,
,,,,,,,,Agapit,
,,,,,,,,Agafokliya,
,,,,,,,,Ardas,
,,,,,,,,Agapiya,
,,,,,,,,Arhip,
,,,,,,,,Aglaya,
,,,,,,,,Avram,
,,,,,,,,Agrafena,
,,,,,,,,Bogatyr,
,,,,,,,,Alesya,
,,,,,,,,Borislav,
,,,,,,,,Alexandrite,
,,,,,,,,Brends,
,,,,,,,,Anitchka,
,,,,,,,,Burian,
,,,,,,,,Antoniya,
,,,,,,,,Damyon,
,,,,,,,,Anzhela,
,,,,,,,,Deniskov,
,,,,,,,,Aviafa,
,,,,,,,,Dobromir,
,,,,,,,,Avlida,
,,,,,,,,Dobrynya,
,,,,,,,,Biserka,
,,,,,,,,Dusan,
,,,,,,,,Bogdana,
,,,,,,,,Edik,
,,,,,,,,Bohdana,
,,,,,,,,Efrosin,
,,,,,,,,Bonifatsiya,
,,,,,,,,Emelian,
,,,,,,,,Dafna,
,,,,,,,,Eremey,
,,,,,,,,Domna,
,,,,,,,,Ermil,
,,,,,,,,Doroteya,
,,,,,,,,Evstafiy,
,,,,,,,,Dusana,
,,,,,,,,Evstigney,
,,,,,,,,Dusica,
,,,,,,,,Feodosiy,
,,,,,,,,Esfir,
,,,,,,,,Fredek,
,,,,,,,,Eudokia,
,,,,,,,,Garald,
,,,,,,,,Evfrosinya,
,,,,,,,,Garold,
,,,,,,,,Evlampiya,
,,,,,,,,Garolds,
,,,,,,,,Evpraksiya,
,,,,,,,,Gasha,
,,,,,,,,Feodora,
,,,,,,,,Gashka,
,,,,,,,,Frosya,
,,,,,,,,Gavrie,
,,,,,,,,Galateya,
,,,,,,,,Gavrila,
,,,,,,,,Graziya,
,,,,,,,,Gennadiy,
,,,,,,,,Hristina,
,,,,,,,,Gitfrid,
,,,,,,,,Hvala,
,,,,,,,,Gogol,
,,,,,,,,Ippolita,
,,,,,,,,Gordei,
,,,,,,,,Irada,
,,,,,,,,Gorky,
,,,,,,,,Izotova,
,,,,,,,,Gretzky,
,,,,,,,,Karol,
,,,,,,,,Herahd,
,,,,,,,,Kavya,
,,,,,,,,Hleb,
,,,,,,,,Khionia,
,,,,,,,,Ihar,
,,,,,,,,Khioniya,
,,,,,,,,Ilia,
,,,,,,,,Kondratya,
,,,,,,,,Iouri,
,,,,,,,,Ksanochka,
,,,,,,,,Ipatiy,
,,,,,,,,Kseniya,
,,,,,,,,Ivano,
,,,,,,,,Kupava,
,,,,,,,,Izyaslav,
,,,,,,,,Lubava,
,,,,,,,,Kharald,
,,,,,,,,Lumira,
,,,,,,,,Khariton,
,,,,,,,,Lyubava,
,,,,,,,,Kotik,
,,,,,,,,Lyubochka,
,,,,,,,,Kupriyan,
,,,,,,,,Maksima,
,,,,,,,,Laur,
,,,,,,,,Marinka,
,,,,,,,,Leonti,
,,,,,,,,Matryona,
,,,,,,,,Magar,
,,,,,,,,Mavra,
,,,,,,,,Makariy,
,,,,,,,,Medeya,
,,,,,,,,Manuil,
,,,,,,,,Militsa,
,,,,,,,,Mavriki,
,,,,,,,,Nadenka,
,,,,,,,,Nafanail,
,,,,,,,,Nadie,
,,,,,,,,Naum,
,,,,,,,,Naina,
,,,,,,,,Nifont,
,,,,,,,,Nastasia,
,,,,,,,,Nikifor,
,,,,,,,,Nastenka,
,,,,,,,,Onisim,
,,,,,,,,Nikolina,
,,,,,,,,Ostap,
,,,,,,,,Ninotchka,
,,,,,,,,Pafnuty,
,,,,,,,,Oksinya,
,,,,,,,,Palasha,
,,,,,,,,Olene,
,,,,,,,,Parasha,
,,,,,,,,Olien,
,,,,,,,,Prokopiy,
,,,,,,,,Pelagia,
,,,,,,,,Radimir,
,,,,,,,,Roksana,
,,,,,,,,Rafail,
,,,,,,,,Rozaliya,
,,,,,,,,Rakhil,
,,,,,,,,Savvina,
,,,,,,,,Rodoslav,
,,,,,,,,Sezja,
,,,,,,,,Savya,
,,,,,,,,Shura,
,,,,,,,,Slavka,
,,,,,,,,Stefaniya,
,,,,,,,,Timka,
,,,,,,,,Taneya,
,,,,,,,,Vadik,
,,,,,,,,Tashina,
,,,,,,,,Valka,
,,,,,,,,Uljana,
,,,,,,,,Vanyusha,
,,,,,,,,Varlaam,
,,,,,,,,Vasilik,
,,,,,,,,Vasilina,
,,,,,,,,Vasiliy,
,,,,,,,,Vilhemina,
,,,,,,,,Vaslek,
,,,,,,,,Vladislava,
,,,,,,,,Vatslav,
,,,,,,,,Vladlena,
,,,,,,,,Venedikt,
,,,,,,,,Yagoda,
,,,,,,,,Venka,
,,,,,,,,Yaroslava,
,,,,,,,,Venya,
,,,,,,,,Yevdokia,
,,,,,,,,Vissarion,
,,,,,,,,Yevdokiya,
,,,,,,,,Xenuk,
,,,,,,,,Yevgeniya,
,,,,,,,,Yerofey,
,,,,,,,,Yulija,
,,,,,,,,Yuliy,
,,,,,,,,Yuridiana,
,,,,,,,,Yvor,
,,,,,,,,Zemfira,
,,,,,,,,Zaliv,
,,,,,,,,Zoyechka,
,,,,,,,,Zinoviy,
